motion,label
0.101562 1.484375 1.218750 -82.054688 -134.390625 -39.757812 -95.929688 -176.125000 0.070312 0.765625 5.453125 -110.976562 -129.875000 -62.343750 -116.546875 -137.664062 -0.734375 5.421875 -19.367188 -122.914062 -113.101562 -81.242188 -123.726562 -143.203125,l
0.039062 0.843750 -2.359375 -17.109375 -58.015625 -160.593750 -157.281250 -112.101562 0.101562 -0.140625 4.109375 -43.406250 -88.406250 -148.679688 -109.171875 -73.765625 -0.375000 3.140625 -10.546875 -64.367188 -105.648438 -141.585938 -145.945312 -139.054688,l
0.015625 2.304688 -1.250000 -109.062500 -175.765625 -122.351562 -109.234375 -43.242188 -0.140625 2.523438 -3.273438 -127.718750 -128.304688 -96.562500 -21.640625 -18.609375 -0.585938 4.593750 -14.156250 -117.750000 -146.375000 -151.960938 -82.914062 -88.429688,l
0.015625 1.945312 -2.453125 -83.617188 -120.820312 -76.320312 -31.781250 -130.578125 -0.039062 0.812500 1.812500 -81.226562 -61.742188 -5.390625 -48.109375 -78.312500 -0.578125 4.148438 -11.695312 -119.789062 -129.257812 -59.328125 -137.335938 -116.632812,l
0.015625 2.304688 -6.164062 -72.640625 -36.304688 -88.148438 -140.085938 -71.992188 0.140625 -1.507812 7.414062 4.187500 -32.226562 -71.500000 -81.031250 -98.570312 -0.453125 2.523438 -9.632812 -30.960938 -115.132812 -137.601562 -63.617188 -48.421875,l
0.179688 -0.125000 6.296875 -37.226562 -143.859375 -96.585938 -64.500000 -109.304688 0.109375 -0.367188 5.875000 -52.179688 -81.078125 -88.539062 -124.976562 -107.484375 -0.750000 4.890625 -17.359375 -112.320312 -106.328125 -31.828125 -90.289062 -120.335938,l
0.039062 1.507812 -2.359375 -58.148438 -74.390625 -85.757812 -127.960938 -92.484375 0.007812 1.000000 1.125000 -69.648438 -109.218750 -134.320312 -46.007812 -36.187500 -0.367188 2.375000 -10.476562 -21.070312 -68.632812 -109.664062 -127.265625 -95.851562,l
0.066406 0.121094 4.042969 -35.148438 -123.906250 -108.363281 -87.289062 -96.667969 -0.195312 2.308594 -3.070312 -116.937500 -89.847656 -25.511719 -64.042969 -96.042969 -0.503906 3.812500 -13.429688 -80.921875 -127.750000 -106.921875 -105.042969 -123.496094,l
0.000000 1.742188 -2.156250 -77.289062 -94.781250 -93.460938 -97.554688 -94.320312 0.132812 -1.242188 7.382812 -12.015625 -49.617188 -90.625000 -82.875000 -62.257812 -0.398438 3.351562 -10.421875 -87.851562 -101.437500 -121.976562 -116.789062 -133.726562,l
0.109375 1.531250 -1.218750 -67.960938 -101.359375 -94.437500 -98.710938 -133.007812 -0.117188 0.546875 2.335938 -62.367188 -95.773438 -65.484375 -81.320312 -95.054688 -0.437500 3.804688 -10.804688 -104.960938 -124.015625 -124.828125 -121.125000 -101.203125,l
-0.046875 1.429688 -2.109375 -62.289062 -100.210938 -112.859375 -159.515625 -114.906250 -0.109375 0.437500 1.125000 -45.148438 -70.265625 -103.453125 -70.234375 -95.656250 -0.351562 3.046875 -7.679688 -88.859375 -138.859375 -98.414062 -113.093750 -113.695312,l
0.046875 1.976562 -2.945312 -73.125000 -148.726562 -143.882812 -76.046875 -91.664062 0.109375 0.007812 6.718750 -76.851562 -88.515625 -82.906250 -84.039062 -43.953125 -0.617188 4.171875 -15.500000 -75.382812 -112.242188 -113.156250 -109.031250 -102.335938,l
-0.183594 3.246094 -8.011719 -109.062500 -106.250000 -74.167969 -107.679688 -118.304688 0.054688 -0.730469 8.218750 -48.386719 -100.851562 -57.289062 -27.621094 -25.890625 -0.472656 4.300781 -14.265625 -91.703125 -117.906250 -102.410156 -87.531250 -56.914062,l
0.214844 0.402344 2.441406 -33.441406 -105.375000 -108.125000 -122.984375 -64.531250 0.074219 0.062500 3.113281 -43.589844 -43.871094 -17.992188 -66.425781 -66.750000 -0.496094 3.609375 -12.890625 -75.351562 -105.937500 -60.890625 -63.589844 -94.546875,l
-0.039062 1.789062 -3.421875 -56.742188 -129.882812 -84.648438 -76.937500 -109.062500 0.039062 -0.148438 1.960938 -18.367188 -38.382812 -88.726562 -29.304688 -51.343750 -0.429688 3.117188 -12.718750 -50.210938 -63.820312 -77.695312 -101.257812 -64.921875,l
0.000000 1.914062 -5.484375 -51.464844 -70.625000 -101.859375 -108.632812 -79.757812 -0.078125 1.253906 0.070312 -87.335938 -50.601562 -40.433594 -54.941406 -73.347656 -0.468750 3.039062 -11.554688 -53.371094 -103.355469 -74.734375 -79.300781 -95.632812,l
0.062500 0.585938 2.984375 -60.898438 -113.695312 -93.878906 -70.371094 -85.226562 -0.015625 -0.195312 4.097656 -34.312500 -54.578125 -66.617188 -78.367188 -96.601562 -0.308594 2.570312 -8.835938 -62.765625 -72.164062 -95.757812 -85.035156 -91.316406,l
-0.035156 1.449219 -1.332031 -73.132812 -79.917969 -78.882812 -77.988281 -46.164062 0.132812 -1.289062 10.457031 -35.289062 -78.832031 -90.539062 -100.855469 -112.988281 -0.257812 2.121094 -4.265625 -74.750000 -94.539062 -82.875000 -106.546875 -100.089844,l
0.035156 1.375000 -1.015625 -59.617188 -88.074219 -54.687500 -61.769531 -108.664062 0.078125 -0.425781 7.410156 -62.617188 -102.261719 -110.597656 -98.550781 -51.347656 -0.382812 2.703125 -8.886719 -65.839844 -100.070312 -107.085938 -91.644531 -86.230469,l
-0.011719 1.250000 -3.277344 -37.089844 -51.675781 -94.847656 -102.972656 -85.250000 -0.074219 1.449219 -0.082031 -90.992188 -114.593750 -68.500000 -50.457031 -58.375000 -0.343750 3.089844 -8.148438 -91.339844 -100.164062 -91.117188 -60.121094 -66.992188,l
0.000000 0.933594 0.863281 -55.214844 -112.320312 -86.113281 -94.062500 -116.625000 -0.066406 1.460938 -2.343750 -65.632812 -52.195312 -60.812500 -52.863281 -55.933594 -0.281250 2.339844 -5.828125 -72.464844 -82.984375 -48.730469 -100.328125 -89.250000,l
0.023438 1.257812 -1.546875 -49.328125 -93.906250 -103.648438 -134.351562 -103.429688 0.007812 0.296875 2.500000 -52.367188 -56.617188 -55.585938 -49.078125 6.296875 -0.414062 2.875000 -12.039062 -36.195312 -82.875000 -99.765625 -84.523438 -125.046875,l
0.054688 1.015625 0.984375 -56.171875 -129.484375 -123.078125 -81.695312 -98.023438 -0.015625 0.765625 -0.039062 -53.648438 -56.382812 -18.570312 -5.945312 -93.789062 -0.554688 3.390625 -11.585938 -81.843750 -88.882812 -104.835938 -130.789062 -81.640625,l
-0.023438 2.148438 -3.171875 -89.882812 -100.492188 -83.695312 -122.070312 -100.000000 -0.171875 1.804688 -7.132812 -45.210938 10.734375 -71.070312 -73.953125 -49.484375 -0.265625 2.078125 -3.953125 -74.835938 -135.304688 -98.773438 -84.609375 -101.687500,l
-0.070312 0.687500 1.140625 -50.089844 -112.187500 -117.988281 -78.523438 -73.910156 -0.015625 -0.175781 6.171875 -50.527344 -90.546875 -48.234375 -61.734375 -42.074219 -0.605469 4.593750 -17.019531 -97.992188 -83.777344 -99.062500 -97.394531 -107.093750,l
0.023438 1.875000 -1.539062 -90.000000 -95.531250 -75.929688 -66.472656 -105.398438 0.062500 -0.382812 4.359375 -28.632812 -59.687500 -51.992188 -55.609375 -55.875000 -0.304688 2.996094 -7.851562 -80.917969 -102.222656 -101.988281 -98.320312 -101.843750,l
0.199219 0.812500 1.726562 -50.230469 -75.292969 -81.828125 -124.238281 -109.117188 -0.015625 0.828125 -0.988281 -47.117188 -44.183594 -71.226562 -30.964844 -62.363281 -0.390625 2.703125 -7.652344 -70.234375 -110.847656 -90.902344 -115.164062 -102.082031,l
0.156250 -0.273438 5.718750 -29.089844 -120.957031 -113.839844 -108.316406 -116.964844 -0.089844 1.148438 -0.562500 -71.320312 -44.656250 -47.011719 -70.464844 -54.261719 -0.566406 3.984375 -15.019531 -73.007812 -113.074219 -107.285156 -93.910156 -95.582031,l
-0.117188 1.773438 -2.898438 -71.328125 -115.945312 -106.593750 -136.257812 -63.882812 0.000000 -0.429688 4.875000 -34.023438 -68.625000 -64.906250 -47.906250 -99.320312 -0.398438 3.171875 -9.632812 -78.679688 -105.312500 -90.312500 -92.312500 -62.304688,l
-0.140625 2.679688 -7.156250 -77.015625 -130.039062 -104.875000 -40.070312 -109.281250 0.062500 0.171875 3.492188 -55.554688 -52.453125 -75.843750 -104.882812 -38.046875 -0.562500 3.460938 -12.351562 -66.953125 -101.546875 -69.789062 -65.500000 -63.382812,l
-0.300781 3.949219 -13.375000 -101.312500 -52.562500 -79.621094 -113.972656 -62.375000 0.089844 -0.593750 7.496094 -44.449219 -108.777344 -67.042969 -25.273438 -63.890625 -0.453125 3.183594 -11.789062 -64.699219 -67.250000 -66.414062 -57.554688 -86.800781,l
0.230469 -0.449219 7.523438 -35.902344 -118.960938 -81.675781 -52.234375 -84.859375 -0.183594 2.628906 -8.300781 -77.335938 -32.468750 -44.679688 -96.425781 -89.000000 -0.289062 2.410156 -7.562500 -57.281250 -63.359375 -67.199219 -113.785156 -118.453125,l
-0.023438 1.882812 -4.617188 -62.953125 -62.843750 -65.523438 -105.234375 -103.054688 -0.093750 1.125000 -2.601562 -39.875000 -74.023438 -105.882812 -64.906250 -80.601562 -0.304688 2.007812 -5.820312 -43.882812 -100.007812 -119.539062 -128.335938 -168.820312,l
0.187500 0.164062 3.218750 -31.140625 -97.523438 -103.703125 -98.789062 -70.781250 -0.187500 1.945312 -3.750000 -90.273438 -81.062500 -69.093750 -100.039062 -73.562500 -0.281250 2.523438 -5.531250 -84.578125 -123.914062 -159.835938 -125.968750 -78.421875,l
-0.054688 2.156250 -5.109375 -70.585938 -108.570312 -75.507812 -89.085938 -88.437500 0.039062 -0.281250 5.023438 -50.000000 -91.414062 -95.445312 -60.000000 -88.085938 -0.414062 2.914062 -4.992188 -109.203125 -167.109375 -75.906250 -99.671875 -79.265625,l
0.062500 1.480469 -2.867188 -49.640625 -80.574219 -93.191406 -84.179688 -53.125000 -0.019531 1.007812 2.000000 -86.695312 -67.035156 -84.640625 -64.382812 -49.605469 -0.640625 3.941406 -16.304688 -59.332031 -95.070312 -89.582031 -78.980469 -105.593750,l
-0.187500 3.234375 -10.539062 -81.593750 -88.558594 -64.945312 -70.281250 -121.175781 0.011719 0.414062 3.992188 -72.640625 -83.382812 -50.789062 -54.355469 -79.675781 -0.425781 3.042969 -10.468750 -70.937500 -81.335938 -92.398438 -122.062500 -114.992188,l
-0.183594 3.464844 -13.277344 -69.914062 -55.316406 -109.074219 -96.308594 -38.785156 -0.050781 0.230469 1.777344 -39.839844 -54.035156 -69.144531 -98.144531 -87.937500 -0.347656 2.625000 -7.457031 -71.753906 -114.515625 -126.046875 -71.367188 -43.828125,l
-0.066406 1.757812 -2.882812 -72.031250 -119.921875 -47.394531 -70.738281 -125.765625 -0.058594 0.066406 3.632812 -48.894531 -87.468750 -106.742188 -47.414062 -65.898438 -0.359375 3.386719 -8.656250 -99.816406 -107.738281 -36.347656 -83.792969 -115.863281,l
-0.136719 2.644531 -11.210938 -42.402344 -50.632812 -109.871094 -122.804688 -86.726562 0.046875 0.101562 5.562500 -79.722656 -77.058594 -48.859375 -81.085938 -69.546875 -0.484375 3.136719 -13.906250 -35.175781 -60.058594 -113.160156 -95.347656 -75.828125,l
0.070312 1.734375 -2.070312 -64.562500 -130.382812 -96.726562 -80.406250 -74.406250 0.054688 -0.421875 5.085938 -32.234375 -76.570312 -77.828125 -65.367188 -75.804688 -0.351562 2.648438 -6.218750 -81.914062 -114.125000 -74.898438 -84.335938 -81.781250,l
-0.042969 1.574219 -3.339844 -50.855469 -92.464844 -68.886719 -102.925781 -96.308594 -0.062500 0.488281 1.828125 -59.578125 -70.000000 -74.925781 -70.980469 -74.207031 -0.402344 2.863281 -9.621094 -62.070312 -84.484375 -82.335938 -91.167969 -93.234375,l
0.054688 1.687500 -3.968750 -43.476562 -87.652344 -110.089844 -77.019531 -91.855469 0.093750 0.054688 4.695312 -58.531250 -76.859375 -73.765625 -71.957031 -55.683594 -0.343750 2.523438 -7.292969 -68.156250 -87.246094 -99.000000 -74.914062 -69.363281,l
-0.000000 1.585938 -1.199219 -72.652344 -92.316406 -82.992188 -86.796875 -85.753906 -0.003906 0.332031 2.640625 -56.812500 -76.738281 -66.058594 -46.484375 -47.335938 -0.320312 2.136719 -3.824219 -79.546875 -90.695312 -68.488281 -65.207031 -92.507812,l
0.160156 -0.218750 6.242188 -37.417969 -98.910156 -75.171875 -116.640625 -122.976562 0.007812 0.351562 2.488281 -57.578125 -53.941406 -49.750000 -51.281250 -78.109375 -0.433594 3.035156 -10.660156 -66.742188 -71.242188 -73.550781 -109.156250 -86.101562,l
0.054688 0.660156 0.839844 -39.792969 -101.988281 -125.667969 -126.031250 -97.628906 -0.039062 0.675781 0.351562 -51.738281 -47.316406 -72.578125 -81.363281 -88.628906 -0.335938 2.406250 -7.839844 -52.894531 -104.316406 -95.058594 -88.265625 -117.019531,l
-0.015625 2.613281 -4.640625 -94.351562 -127.000000 -119.796875 -60.433594 -66.484375 0.226562 -1.160156 10.492188 -49.304688 -80.898438 -94.636719 -54.558594 -39.136719 -0.613281 4.562500 -17.773438 -89.675781 -88.242188 -104.285156 -119.554688 -91.007812,l
0.000000 1.402344 0.550781 -80.117188 -89.824219 -55.187500 -81.554688 -94.648438 -0.042969 0.500000 3.167969 -75.046875 -81.777344 -37.304688 -46.218750 -59.011719 -0.464844 3.625000 -11.746094 -82.964844 -123.531250 -101.406250 -81.828125 -71.843750,l
0.214844 -1.312500 9.789062 -13.296875 -78.312500 -91.570312 -77.789062 -52.046875 0.101562 -0.468750 4.710938 -25.535156 -45.730469 -55.269531 -64.925781 -101.933594 -0.613281 4.304688 -15.824219 -88.574219 -92.457031 -74.101562 -72.816406 -82.812500,l
-0.070312 1.406250 -2.070312 -59.179688 -96.031250 -49.882812 -90.265625 -126.062500 0.023438 -0.226562 4.132812 -36.109375 -62.273438 -84.906250 -116.359375 -78.906250 -0.343750 2.546875 -7.375000 -60.820312 -75.875000 -77.007812 -101.179688 -149.257812,l
-0.039062 1.171875 -3.453125 -30.367188 -66.812500 -122.843750 -111.968750 -102.140625 -0.132812 0.531250 1.617188 -55.929688 -111.710938 -101.398438 -60.757812 -72.000000 -0.226562 1.640625 -3.281250 -57.640625 -90.742188 -135.648438 -123.632812 -120.531250,l
0.023438 1.757812 -1.250000 -84.804688 -125.343750 -99.656250 -113.484375 -120.382812 -0.101562 1.859375 -2.765625 -90.429688 -73.523438 -70.117188 -56.328125 -22.937500 -0.320312 3.015625 -6.351562 -98.187500 -149.539062 -99.937500 -158.140625 -110.164062,l
0.101562 1.523438 -0.859375 -68.226562 -112.437500 -117.914062 -118.804688 -90.421875 0.000000 0.265625 3.210938 -56.070312 -71.515625 -32.695312 -41.640625 -98.031250 -0.539062 4.117188 -15.484375 -70.500000 -143.578125 -138.585938 -87.679688 -116.929688,l
-0.007812 1.621094 -1.468750 -75.375000 -126.796875 -100.554688 -88.929688 -99.609375 -0.031250 0.890625 -1.722656 -39.804688 -26.398438 -85.117188 -91.410156 -74.402344 -0.589844 5.363281 -18.089844 -123.703125 -104.781250 -99.738281 -126.218750 -105.300781,l
-0.097656 2.429688 -6.519531 -73.625000 -93.929688 -91.054688 -126.214844 -121.968750 0.082031 -0.363281 7.230469 -57.167969 -98.664062 -80.453125 -84.550781 -113.976562 -0.351562 2.386719 -6.300781 -68.718750 -127.777344 -111.871094 -108.453125 -123.953125,l
0.039062 0.742188 1.187500 -50.453125 -112.109375 -135.054688 -99.468750 -101.437500 -0.031250 0.437500 1.859375 -63.367188 -78.351562 -114.929688 -77.523438 -70.765625 -0.398438 3.343750 -10.179688 -88.703125 -110.554688 -118.187500 -128.804688 -140.015625,l
-0.054688 2.687500 -4.781250 -105.484375 -117.234375 -97.398438 -94.828125 -99.781250 0.007812 0.570312 5.093750 -87.125000 -107.265625 -60.398438 -98.875000 -103.109375 -0.359375 2.890625 -7.023438 -89.781250 -130.304688 -136.507812 -118.867188 -76.593750,l
-0.109375 1.460938 -1.851562 -59.648438 -106.296875 -88.812500 -117.218750 -96.234375 0.031250 -1.039062 7.710938 -31.515625 -86.054688 -113.312500 -73.218750 -59.445312 -0.281250 2.593750 -3.976562 -97.742188 -143.210938 -81.085938 -100.781250 -102.671875,l
0.187500 1.035156 0.375000 -43.281250 -113.218750 -107.187500 -94.863281 -104.816406 0.191406 -0.398438 9.218750 -77.292969 -97.531250 -58.917969 -65.769531 -51.937500 -0.503906 4.257812 -15.984375 -77.781250 -87.953125 -111.289062 -93.937500 -103.183594,l
0.031250 0.906250 1.121094 -58.863281 -100.406250 -105.519531 -82.871094 -78.597656 -0.082031 0.664062 0.507812 -52.621094 -65.023438 -61.476562 -59.218750 -71.667969 -0.570312 4.558594 -15.785156 -105.570312 -99.164062 -102.980469 -79.167969 -74.109375,l
0.023438 1.144531 1.046875 -66.644531 -105.042969 -68.769531 -96.601562 -93.144531 -0.066406 1.066406 -1.082031 -61.355469 -52.074219 -79.539062 -49.105469 -88.171875 -0.261719 2.410156 -5.109375 -82.199219 -101.503906 -63.160156 -98.191406 -114.484375,l
0.070312 0.472656 1.488281 -32.953125 -92.628906 -95.679688 -91.535156 -72.410156 0.160156 -0.839844 9.707031 -56.421875 -64.671875 -64.929688 -107.003906 -66.792969 -0.457031 3.105469 -12.539062 -49.824219 -86.750000 -110.308594 -110.589844 -115.152344,l
-0.015625 1.812500 -3.578125 -62.269531 -97.226562 -82.894531 -58.960938 -69.656250 0.164062 -0.636719 7.609375 -42.734375 -100.699219 -91.316406 -43.074219 -57.000000 -0.261719 2.488281 -4.582031 -74.652344 -119.164062 -107.765625 -116.941406 -87.300781,l
0.121094 -0.156250 5.304688 -40.601562 -72.812500 -62.132812 -64.605469 -65.496094 -0.117188 1.816406 -3.464844 -82.722656 -59.308594 -50.519531 -51.996094 -34.253906 -0.367188 2.910156 -8.074219 -76.164062 -124.250000 -97.003906 -81.441406 -92.214844,l
0.218750 -0.707031 7.546875 -25.417969 -75.570312 -53.761719 -89.664062 -37.250000 0.031250 -0.082031 3.699219 -39.613281 -59.359375 -39.105469 -45.375000 -77.429688 -0.445312 3.656250 -12.316406 -82.089844 -89.984375 -83.332031 -96.441406 -47.957031,l
0.167969 0.460938 1.136719 -22.449219 -79.882812 -65.890625 -33.917969 -99.175781 0.007812 0.285156 0.492188 -32.152344 -37.667969 -68.585938 -76.546875 -45.933594 -0.316406 2.566406 -7.687500 -61.785156 -99.929688 -70.304688 -33.644531 -72.117188,l
-0.281250 2.988281 -11.617188 -63.687500 -31.621094 -75.261719 -105.125000 -63.726562 0.210938 -1.042969 9.500000 -41.289062 -80.828125 -60.316406 -44.664062 -58.703125 -0.613281 3.917969 -15.460938 -71.582031 -42.988281 -53.089844 -80.203125 -81.378906,l
0.175781 -0.148438 5.746094 -37.863281 -106.488281 -82.453125 -56.804688 -105.757812 -0.054688 1.019531 -1.828125 -55.921875 -44.730469 -59.902344 -45.574219 -54.039062 -0.289062 1.816406 -5.597656 -37.398438 -79.375000 -76.167969 -86.445312 -93.066406,l
0.019531 1.109375 -0.300781 -57.765625 -63.742188 -85.371094 -99.964844 -50.667969 -0.089844 0.828125 -0.304688 -55.570312 -55.101562 -45.535156 -74.886719 -78.148438 -0.320312 2.171875 -6.515625 -53.269531 -88.750000 -86.558594 -96.804688 -77.007812,l
-0.093750 0.785156 0.746094 -47.855469 -112.656250 -63.382812 -56.449219 -55.453125 0.058594 -0.289062 4.257812 -32.582031 -63.179688 -85.152344 -60.398438 -41.265625 -0.531250 3.820312 -14.148438 -71.246094 -99.218750 -84.351562 -68.828125 -88.003906,l
-0.003906 1.187500 -2.511719 -38.671875 -56.789062 -59.117188 -63.828125 -109.003906 0.039062 0.777344 1.355469 -72.945312 -73.953125 -47.089844 -41.609375 -24.542969 -0.531250 3.503906 -13.000000 -70.164062 -78.093750 -72.414062 -111.042969 -108.273438,l
0.101562 0.914062 -0.171875 -41.910156 -57.531250 -95.015625 -90.503906 -42.453125 -0.042969 1.832031 -5.277344 -58.335938 -41.460938 -36.785156 -21.507812 -50.417969 -0.566406 3.550781 -14.125000 -57.945312 -99.554688 -114.109375 -90.460938 -91.492188,l
0.035156 0.570312 3.082031 -55.726562 -111.335938 -49.785156 -72.816406 -125.570312 -0.054688 0.882812 -2.144531 -43.218750 -20.554688 -42.796875 -48.894531 -51.746094 -0.394531 2.867188 -8.031250 -85.687500 -108.031250 -81.593750 -104.515625 -68.023438,l
0.039062 1.363281 -3.195312 -36.460938 -54.531250 -111.925781 -126.457031 -86.984375 0.058594 -0.449219 5.222656 -32.371094 -51.406250 -49.046875 -61.167969 -70.750000 -0.238281 1.980469 -4.894531 -57.742188 -103.398438 -86.066406 -58.203125 -91.070312,l
-0.117188 1.812500 -2.132812 -74.539062 -130.007812 -109.531250 -40.171875 -50.132812 0.054688 -0.109375 3.632812 -37.835938 -56.601562 -69.531250 -77.562500 -72.664062 -0.484375 4.070312 -14.421875 -86.554688 -64.882812 -76.007812 -92.312500 -82.757812,l
-0.046875 2.335938 -4.691406 -84.683594 -78.296875 -21.968750 -106.957031 -91.199219 -0.027344 0.808594 0.128906 -57.152344 -73.734375 -80.019531 -70.566406 -68.691406 -0.429688 2.808594 -9.226562 -57.453125 -96.101562 -81.058594 -84.988281 -61.417969,l
0.199219 -0.628906 4.078125 10.992188 -76.875000 -106.417969 -101.613281 -122.695312 0.000000 0.972656 0.562500 -73.789062 -71.695312 -78.746094 -53.929688 -92.863281 -0.382812 3.156250 -10.351562 -66.105469 -89.710938 -68.386719 -73.996094 -124.980469,l
0.039062 2.812500 -6.289062 -87.843750 -92.328125 -124.273438 -117.085938 -141.343750 0.015625 0.765625 2.023438 -71.718750 -62.867188 -77.343750 -85.546875 -48.585938 -0.546875 3.429688 -14.242188 -63.562500 -65.531250 -105.390625 -136.570312 -136.296875,l
-0.242188 2.171875 -3.156250 -94.937500 -122.625000 -130.695312 -144.359375 -127.320312 -0.070312 -0.718750 7.468750 -47.593750 -97.664062 -59.265625 -69.210938 -121.437500 -0.398438 3.343750 -9.070312 -85.140625 -133.078125 -135.234375 -136.226562 -122.398438,l
-0.007812 1.976562 -1.453125 -95.601562 -149.445312 -132.328125 -127.023438 -88.835938 0.007812 0.148438 2.789062 -46.421875 -54.906250 -114.492188 -84.382812 -10.570312 -0.625000 4.023438 -12.843750 -104.281250 -142.929688 -128.304688 -109.484375 -93.078125,l
-0.046875 2.000000 -2.539062 -90.476562 -133.898438 -111.804688 -54.273438 -39.875000 0.101562 0.015625 7.578125 -85.078125 -115.515625 -38.406250 22.976562 -22.765625 -0.320312 3.382812 -7.757812 -102.867188 -124.882812 -99.148438 -68.984375 -64.500000,l
0.054688 2.078125 -3.113281 -83.613281 -81.511719 -38.703125 -51.121094 -85.085938 -0.136719 1.253906 -4.074219 -44.937500 -2.250000 12.816406 -73.656250 -43.398438 -0.328125 2.933594 -8.191406 -76.414062 -92.679688 -51.195312 -98.777344 -102.710938,l
-0.046875 0.777344 -1.699219 -28.566406 -46.511719 -69.425781 -101.476562 -94.402344 0.000000 -1.167969 4.398438 23.167969 -43.417969 -69.160156 -30.828125 -62.769531 -0.441406 2.476562 -10.117188 -40.429688 -80.785156 -108.734375 -84.347656 -81.917969,l
0.167969 0.425781 2.519531 -38.214844 -94.984375 -97.726562 -102.367188 -95.339844 -0.101562 1.414062 -3.261719 -62.996094 -34.910156 -56.058594 -59.796875 -101.289062 -0.386719 3.605469 -10.980469 -90.718750 -100.039062 -74.468750 -91.210938 -100.617188,l
0.007812 1.531250 -1.835938 -65.179688 -100.210938 -103.835938 -93.585938 -126.882812 0.078125 -0.781250 7.250000 -40.789062 -62.210938 -84.257812 -84.734375 -5.890625 -0.593750 3.929688 -16.015625 -64.007812 -89.703125 -88.671875 -141.468750 -145.320312,l
-0.101562 1.921875 -3.132812 -79.039062 -96.132812 -114.734375 -131.109375 -92.718750 0.085938 -1.117188 10.140625 -40.679688 -106.242188 -31.570312 -14.765625 -77.148438 -0.492188 3.812500 -13.906250 -74.617188 -116.320312 -160.132812 -107.656250 -112.320312,l
0.234375 -0.054688 8.164062 -63.218750 -134.937500 -119.343750 -39.023438 -65.726562 0.007812 0.296875 -0.171875 -32.976562 -7.992188 -57.851562 -83.929688 -56.242188 -0.460938 3.796875 -9.109375 -129.187500 -136.867188 -100.617188 -111.007812 -96.125000,l
0.023438 1.089844 1.816406 -81.015625 -81.347656 -34.363281 -113.449219 -123.691406 0.179688 -1.367188 10.242188 -31.839844 -81.335938 -73.464844 -43.453125 -76.500000 -0.261719 2.511719 -5.800781 -72.542969 -121.421875 -94.824219 -100.695312 -94.746094,l
0.093750 -1.171875 6.921875 6.679688 -89.726562 -131.523438 -77.070312 -39.625000 0.000000 0.921875 0.500000 -65.929688 -51.484375 -66.242188 -61.304688 -42.007812 -0.773438 5.203125 -21.359375 -81.210938 -102.960938 -95.554688 -83.070312 -47.414062,l
0.132812 0.910156 4.011719 -76.144531 -118.097656 -35.523438 -56.761719 -12.320312 0.144531 -1.160156 8.566406 -39.996094 -77.441406 -42.007812 -65.140625 -105.867188 -0.308594 2.117188 -5.359375 -60.058594 -98.964844 -58.406250 -22.710938 6.554688,l
0.066406 0.007812 1.203125 -3.992188 -55.652344 -29.343750 -43.554688 -85.191406 0.031250 0.007812 2.980469 -34.957031 -51.148438 -97.421875 -104.289062 -120.992188 -0.417969 2.898438 -10.488281 -47.015625 -46.250000 12.082031 -52.437500 -97.140625,l
-0.132812 1.898438 -8.031250 -33.171875 -16.960938 -87.781250 -78.328125 -156.664062 -0.046875 0.460938 2.773438 -63.796875 -107.148438 -114.140625 -103.187500 -15.718750 -0.257812 1.921875 -10.054688 -4.054688 -10.601562 -97.343750 -91.570312 -131.789062,l
0.007812 1.164062 0.562500 -75.148438 -77.843750 -129.164062 -116.140625 -29.531250 -0.015625 0.187500 5.234375 -69.773438 -125.796875 -48.304688 -20.539062 -70.210938 -0.359375 2.992188 -8.039062 -84.234375 -91.242188 -117.773438 -110.109375 -37.187500,l
0.343750 -0.890625 12.992188 -61.585938 -158.500000 -43.453125 -34.882812 -1.468750 -0.101562 1.703125 -5.875000 -63.125000 -14.523438 -65.156250 -30.546875 4.242188 -0.257812 1.875000 -1.640625 -80.015625 -134.804688 -61.546875 -13.531250 2.734375,l
-0.001953 1.371094 -4.927734 -20.931641 -40.880859 -16.402344 3.595703 -0.515625 0.156250 -0.537109 7.550781 -51.359375 -60.230469 1.281250 0.623047 -0.119141 -0.367188 2.687500 -9.830078 -57.031250 -35.283203 0.910156 0.609375 0.070312,l
-0.019531 -1.007812 0.406250 51.023438 84.031250 -8.968750 -51.191406 19.875000 0.199219 -1.332031 3.726562 46.382812 15.296875 -24.410156 37.792969 9.183594 0.187500 -2.414062 7.527344 66.687500 38.273438 -30.562500 -11.250000 -21.496094,r
0.277344 -2.263672 12.439453 22.349609 -59.162109 -2.609375 26.925781 -25.310547 0.052734 0.755859 -2.050781 -37.783203 25.408203 21.863281 -2.234375 3.128906 -0.177734 0.769531 -2.191406 -25.289062 -23.367188 -10.056641 -23.898438 -8.283203,r
-0.140625 0.902344 -4.828125 -4.214844 20.416016 3.566406 -55.041016 -61.755859 0.134766 -1.140625 5.144531 10.333984 7.126953 -4.957031 6.531250 -11.894531 -0.226562 0.761719 -4.107422 -6.146484 -26.511719 -9.820312 -23.427734 -50.966797,r
0.052734 -0.332031 1.023438 17.689453 -38.060547 -59.677734 -51.796875 11.660156 0.011719 0.056641 0.164062 -11.392578 8.515625 -12.943359 20.464844 -5.287109 -0.138672 0.433594 -2.087891 -5.275391 -13.839844 -43.935547 -46.451172 -32.863281,r
-0.128906 1.742188 -5.644531 -39.351562 -64.343750 -9.015625 -1.718750 -30.675781 0.046875 -0.949219 5.398438 -4.886719 -2.886719 23.242188 -42.972656 -29.996094 -0.089844 0.457031 0.390625 -27.542969 -51.679688 -37.890625 -16.542969 6.781250,r
-0.123047 1.566406 -7.578125 -18.431641 9.781250 -29.753906 -8.964844 -22.146484 0.033203 -1.037109 3.126953 31.509766 -23.001953 -38.250000 -37.271484 -33.292969 -0.037109 0.388672 0.517578 -24.630859 -32.121094 3.585938 -2.333984 -31.964844,r
0.035156 0.550781 -0.968750 -22.093750 -22.976562 -2.179688 -58.062500 -19.542969 -0.003906 0.421875 -0.160156 -26.777344 -31.718750 -44.453125 -3.707031 25.902344 -0.058594 0.453125 -1.886719 -2.621094 3.203125 -16.765625 -56.855469 -71.429688,r
0.093750 -0.332031 1.421875 10.238281 -38.187500 -45.210938 -4.082031 -11.187500 -0.011719 0.613281 0.066406 -42.320312 -24.320312 18.675781 22.148438 -31.792969 -0.218750 1.804688 -7.824219 -22.382812 -38.953125 -68.367188 -70.261719 -27.046875,r
-0.175781 2.445312 -9.308594 -57.007812 -10.414062 -11.742188 -4.457031 11.984375 -0.109375 0.511719 -3.722656 -1.445312 27.019531 -4.781250 -57.437500 -16.574219 -0.226562 2.343750 -7.972656 -56.164062 -73.535156 -46.789062 -18.066406 -47.929688,r
-0.126953 1.005859 -4.482422 -19.330078 -7.578125 2.681641 16.402344 -53.992188 -0.195312 0.935547 -4.937500 -3.615234 -41.250000 -37.181641 -16.818359 -10.574219 -0.310547 3.185547 -11.916016 -58.527344 -22.296875 -35.617188 -47.599609 -35.779297,r
0.144531 -0.960938 4.849609 8.816406 15.326172 -20.972656 -55.648438 -2.347656 -0.126953 1.384766 -4.652344 -38.019531 -14.037109 -23.794922 1.439453 -51.419922 -0.169922 1.236328 -4.521484 -25.173828 -50.720703 -34.283203 -58.664062 -60.052734,r
0.214844 -1.335938 7.972656 9.843750 -63.078125 -10.984375 -42.867188 -49.292969 0.046875 0.601562 -0.507812 -38.492188 -1.507812 -31.816406 -31.253906 47.312500 -0.160156 0.722656 -2.250000 -17.914062 -44.910156 -71.257812 -37.214844 -44.179688,r
-0.042969 0.902344 -4.746094 -8.441406 -15.097656 -70.714844 11.042969 2.953125 -0.101562 0.226562 0.617188 -19.238281 -50.632812 21.921875 49.597656 2.519531 -0.144531 1.324219 -1.753906 -57.335938 -52.785156 -40.703125 -22.390625 8.250000,r
-0.175781 1.570312 -3.187500 -65.593750 -28.285156 26.488281 -27.492188 14.562500 -0.046875 0.183594 -2.601562 11.468750 49.386719 17.265625 20.613281 3.878906 -0.066406 -0.074219 2.390625 -23.335938 -43.757812 6.445312 -0.535156 27.945312,r
0.099609 -0.597656 1.460938 33.363281 -12.914062 -6.548828 17.142578 3.490234 0.218750 -2.134766 9.765625 31.160156 5.244141 30.316406 -36.646484 0.953125 -0.005859 -0.363281 0.962891 6.121094 2.083984 11.216797 34.429688 16.201172,r
-0.062500 0.968750 -4.914062 -15.695312 18.500000 5.164062 1.480469 -7.417969 -0.070312 -0.484375 -0.714844 42.140625 -14.863281 -19.140625 -12.937500 -70.429688 -0.046875 0.914062 -4.167969 -7.691406 35.550781 16.539062 43.132812 39.550781,r
0.121094 -0.167969 2.115234 -2.187500 5.392578 -5.414062 -3.804688 42.490234 -0.017578 0.615234 -2.720703 -15.095703 1.757812 -58.117188 -56.123047 -39.876953 0.060547 -1.449219 6.130859 19.445312 24.667969 51.722656 35.591797 14.960938,r
0.031250 -0.140625 0.492188 -1.335938 -6.660156 19.722656 48.621094 -22.773438 0.097656 -0.636719 6.910156 -29.972656 -68.000000 -42.277344 -23.035156 33.847656 -0.085938 0.500000 -5.468750 38.160156 36.371094 38.867188 -39.394531 -5.250000,r
0.099609 -0.531250 2.546875 4.333984 49.630859 6.578125 -34.789062 -28.767578 -0.052734 0.357422 0.630859 -29.164062 -41.300781 17.298828 13.560547 -3.689453 -0.068359 -0.347656 -2.595703 50.707031 -4.085938 -40.023438 46.683594 58.660156,r
0.205078 -1.513672 7.707031 20.382812 -28.314453 -26.847656 -40.035156 -6.964844 -0.042969 1.042969 -5.826172 -8.750000 31.482422 -14.011719 24.609375 15.664062 -0.136719 0.644531 -1.103516 -34.279297 13.673828 63.544922 36.380859 14.658203,r
0.136719 -0.246094 3.132812 -8.968750 -35.246094 -31.265625 42.882812 72.277344 0.273438 -1.078125 7.824219 -17.238281 9.332031 22.937500 7.371094 -12.113281 0.000000 -2.089844 6.054688 47.187500 52.996094 13.972656 26.542969 -5.335938,r
0.089844 0.152344 1.257812 -23.605469 7.390625 73.406250 55.542969 43.820312 0.011719 -1.187500 4.109375 17.007812 13.421875 -5.066406 -22.519531 -24.156250 0.007812 1.007812 -3.601562 -16.417969 24.097656 10.789062 3.242188 53.273438,r
0.144531 -1.164062 0.750000 60.359375 67.226562 45.390625 42.246094 -8.019531 0.000000 0.136719 0.480469 -8.128906 -13.972656 -30.105469 -10.949219 1.406250 -0.074219 -0.433594 0.558594 19.839844 -6.941406 41.136719 42.078125 15.589844,r
0.148438 -1.226562 3.093750 43.292969 45.976562 22.300781 -52.244141 -22.341797 0.216797 -1.232422 8.498047 -18.718750 -20.947266 -8.078125 19.419922 -18.070312 -0.009766 0.031250 -3.093750 28.316406 51.107422 24.636719 -2.488281 13.421875,r
0.164062 -1.242188 4.632812 37.867188 -24.175781 -51.714844 43.562500 92.996094 0.121094 -0.421875 3.281250 -15.250000 8.175781 1.453125 -13.066406 9.273438 0.011719 -0.550781 1.523438 23.468750 13.101562 -9.574219 73.773438 62.687500,r
-0.070312 1.011719 -2.300781 -40.121094 -3.226562 92.316406 60.898438 25.824219 0.078125 -1.164062 4.906250 15.031250 -21.527344 9.242188 -0.031250 5.511719 -0.109375 0.480469 -1.128906 -15.179688 34.000000 90.386719 8.511719 9.511719,r
0.238281 -1.707031 3.214844 70.648438 83.535156 34.761719 11.640625 -9.894531 -0.117188 0.781250 -5.792969 11.398438 4.304688 3.804688 -0.816406 21.417969 0.105469 -2.820312 7.203125 88.683594 42.855469 -5.910156 29.742188 -18.859375,r
-0.002930 0.120117 -3.061523 25.520508 27.086914 -3.563477 -11.479492 -2.883789 0.031250 0.108398 -0.587891 -1.188477 3.323242 5.387695 27.715820 -22.241211 0.043945 -0.011719 1.351562 -15.683594 21.055664 5.542969 -21.353516 12.028320,r
-0.013672 0.095703 -0.271484 -0.183594 -10.715820 -4.310547 -5.451172 11.215820 0.070312 -0.180664 0.766602 -4.613281 28.500977 -5.494141 -16.482422 -23.368164 0.036133 -1.485352 6.514648 21.258789 -24.997070 6.017578 -0.448242 30.431641,r
0.011719 0.177734 -1.054688 -1.921875 -4.326172 2.949219 14.177734 7.849609 0.107422 -1.312500 7.160156 4.742188 -22.248047 -14.789062 -19.660156 6.375000 -0.091797 1.087891 -5.062500 -4.404297 7.398438 8.697266 43.750000 -8.058594,r
0.001953 0.775391 -4.208984 -5.404297 14.357422 11.126953 -7.822266 -22.822266 0.056641 -0.833984 4.705078 4.324219 -27.941406 0.777344 4.144531 3.478516 0.035156 0.048828 -0.337891 -5.865234 40.169922 16.611328 -30.378906 -13.906250,r
0.069336 -0.632812 2.443359 12.956055 4.740234 -23.822266 -11.057617 -3.553711 -0.122070 0.910156 -4.756836 -2.069336 4.711914 3.609375 2.694336 21.363281 0.093750 -0.664062 3.266602 11.442383 -15.139648 -25.541992 -5.752930 -29.985352,r
0.089844 -0.466797 4.058594 -15.060547 -19.085938 -5.771484 9.517578 40.578125 0.007812 -0.625000 2.404297 10.541016 2.335938 11.244141 30.529297 12.355469 -0.052734 0.759766 -2.521484 -23.140625 -9.359375 -17.181641 -34.392578 4.689453,r
-0.001953 0.244141 -1.228516 -6.890625 -1.458984 32.113281 30.863281 -14.798828 0.095703 -1.101562 4.310547 11.169922 25.199219 24.837891 -11.304688 -7.353516 -0.132812 1.332031 -5.427734 -18.636719 -33.304688 -11.705078 19.023438 25.312500,r
0.056641 -0.500000 0.845703 17.697266 40.007812 2.443359 -24.701172 -3.955078 0.046875 -0.257812 0.199219 15.376953 6.578125 -18.326172 6.378906 -24.095703 -0.199219 2.091797 -9.869141 -22.085938 9.636719 27.177734 19.367188 27.810547,r
0.125977 -0.271484 1.813477 4.278320 -17.962891 -13.750977 -2.877930 -22.413086 -0.090820 0.635742 -2.131836 -18.783203 0.475586 -8.791992 -28.588867 -1.329102 -0.175781 1.210938 -8.194336 8.850586 24.297852 26.435547 12.547852 -7.225586,r
0.015625 -0.111328 1.250000 -5.914062 -3.119141 -14.806641 -19.095703 22.460938 -0.076172 -0.070312 0.832031 -0.636719 -28.439453 -12.248047 -3.464844 -40.783203 -0.011719 0.671875 -4.150391 10.332031 26.082031 -2.164062 -19.445312 -22.794922,r
0.034180 0.218750 0.256836 -9.555664 -23.367188 7.735352 7.165039 -23.390625 0.020508 -0.298828 1.520508 -3.137695 -1.202148 -28.958008 -28.885742 15.868164 -0.089844 0.611328 -2.779297 -1.896484 -8.535156 -26.495117 -17.458984 11.251953,r
-0.138672 0.857422 -5.525391 -2.388672 22.373047 -26.089844 19.646484 32.242188 0.044922 -0.458984 4.251953 -15.480469 -41.003906 -0.308594 30.542969 -2.242188 -0.083984 0.291016 0.023438 -20.884766 -21.003906 -8.578125 46.019531 17.134766,r
0.148438 -0.859375 6.800781 -16.023438 -10.775391 44.523438 5.140625 11.609375 -0.113281 0.671875 -3.582031 -6.941406 20.242188 19.906250 -27.523438 38.105469 -0.064453 1.046875 -4.074219 -22.779297 24.578125 39.851562 -2.798828 -17.650391,r
0.144531 -1.486328 4.710938 42.458984 19.630859 8.285156 -10.464844 -11.445312 -0.007812 -0.267578 -0.226562 22.978516 -13.009766 -1.261719 59.429688 -28.115234 0.033203 -1.472656 3.910156 47.025391 7.771484 -7.466797 -32.607422 -13.134766,r
-0.062500 0.808594 -4.132812 -7.289062 9.320312 -25.964844 17.609375 17.207031 0.042969 -0.183594 1.328125 -13.933594 51.984375 5.718750 -24.230469 4.371094 -0.195312 0.921875 -5.046875 -5.359375 -23.957031 -26.660156 22.722656 90.804688,r
-0.031250 1.054688 -3.351562 -30.058594 2.308594 21.828125 6.363281 -32.343750 0.343750 -3.460938 17.296875 29.769531 -31.992188 0.339844 7.250000 19.300781 -0.269531 1.703125 -7.035156 -30.179688 -4.515625 74.218750 53.722656 -21.328125,r
0.140625 -1.425781 5.570312 28.289062 14.089844 -17.035156 -30.750000 -7.085938 0.054688 -0.273438 1.031250 4.250000 1.605469 19.160156 -1.718750 -17.949219 0.019531 0.238281 -4.335938 32.851562 86.714844 -9.328125 4.312500 19.664062,r
0.132812 -1.142578 6.748047 2.328125 -36.240234 -9.541016 -17.181641 4.822266 -0.076172 0.560547 -4.060547 7.957031 15.294922 -20.435547 -12.902344 -18.972656 -0.046875 -0.474609 2.898438 -5.306641 -10.640625 24.308594 -1.863281 -18.095703,r
-0.027344 0.720703 -2.875000 -11.972656 -12.416016 -4.875000 -15.449219 -52.810547 0.013672 -0.146484 1.701172 -14.183594 -13.863281 -21.617188 4.240234 15.269531 -0.068359 -0.236328 -0.240234 17.500000 12.101562 -16.326172 -16.105469 15.560547,r
0.035156 0.808594 -3.296875 -16.380859 3.746094 -48.490234 -31.615234 57.031250 0.156250 -1.464844 9.025391 -6.464844 -14.310547 16.441406 19.039062 47.630859 -0.140625 0.822266 -2.683594 -19.242188 -16.433594 -3.361328 36.414062 16.523438,r
-0.128906 1.593750 -4.695312 -49.039062 -46.242188 19.910156 67.871094 33.031250 -0.007812 -0.750000 2.046875 19.718750 14.019531 35.160156 52.675781 41.523438 -0.136719 0.984375 -3.855469 -19.195312 25.156250 27.386719 10.433594 33.671875,r
-0.113281 1.246094 -6.812500 -10.332031 67.082031 36.929688 57.003906 20.617188 0.089844 -1.187500 3.746094 25.210938 51.343750 40.687500 57.332031 16.980469 0.089844 -1.238281 4.492188 22.597656 13.769531 18.003906 59.328125 32.046875,r
0.017578 -0.833984 2.181641 24.605469 44.341797 50.701172 -14.083984 5.394531 0.121094 -1.183594 3.896484 28.787109 49.427734 42.695312 -1.935547 11.628906 0.027344 0.023438 -0.011719 0.216797 44.164062 52.796875 6.644531 -2.281250,r
-0.031250 -1.519531 2.773438 55.425781 5.769531 -6.285156 17.531250 44.550781 0.316406 -3.488281 13.968750 69.000000 6.105469 7.378906 2.355469 -56.183594 0.140625 -2.203125 7.398438 56.421875 22.445312 -0.394531 -2.085938 27.683594,r
-0.035156 0.804688 -3.984375 -13.253906 9.878906 35.375000 44.527344 76.925781 0.046875 -0.464844 1.968750 8.519531 9.718750 -29.113281 -61.789062 50.816406 -0.105469 0.726562 -3.445312 -6.414062 -1.773438 12.960938 39.433594 12.160156,r
0.089844 0.117188 -2.207031 10.191406 46.871094 59.187500 67.105469 -9.171875 -0.054688 -0.167969 2.042969 -5.656250 -64.855469 3.234375 62.128906 15.886719 -0.039062 0.601562 -3.417969 -3.796875 34.175781 28.558594 -2.203125 37.960938,r
0.066406 -0.648438 0.722656 29.414062 83.898438 13.183594 -1.648438 16.921875 -0.195312 2.617188 -12.675781 -30.539062 61.546875 29.289062 7.492188 17.617188 -0.039062 0.261719 -3.105469 17.617188 7.312500 18.441406 35.851562 -17.226562,r
0.070312 -0.458984 2.445312 11.070312 -5.197266 14.087891 25.005859 50.427734 0.072266 -0.832031 2.917969 14.613281 17.332031 5.248047 36.921875 0.957031 -0.011719 0.437500 -2.761719 3.605469 42.669922 2.568359 -26.332031 9.037109,r
0.082031 -0.708984 2.460938 18.312500 16.185547 42.443359 49.056641 12.361328 0.083984 -0.396484 2.140625 -2.869141 27.140625 20.423828 0.830078 47.511719 -0.058594 -0.273438 0.964844 1.869141 -20.369141 -8.941406 24.992188 40.777344,r
-0.058594 -0.203125 -2.402344 32.121094 52.390625 27.703125 23.171875 100.347656 0.066406 -1.289062 5.062500 24.750000 -3.515625 34.000000 30.113281 -39.921875 -0.035156 0.941406 -3.343750 -22.078125 15.777344 31.910156 48.074219 -2.402344,r
0.019531 -1.164062 3.359375 34.691406 11.476562 74.730469 92.257812 24.375000 0.042969 -0.156250 -1.226562 18.996094 45.730469 -12.351562 -65.925781 -21.234375 -0.070312 0.304688 -2.929688 10.589844 47.589844 23.574219 -20.648438 65.632812,r
0.031250 -0.625000 -1.562500 44.789062 103.570312 46.812500 35.882812 65.171875 0.062500 0.015625 1.007812 -6.351562 -48.226562 -50.585938 3.359375 -31.367188 -0.054688 -0.953125 1.968750 32.671875 -10.867188 14.031250 140.687500 97.187500,r
0.250000 -1.296875 4.328125 41.226562 27.968750 68.437500 23.476562 -4.257812 -0.101562 1.789062 -5.203125 -57.289062 -9.718750 -16.835938 -24.828125 2.109375 -0.109375 1.304688 -6.718750 -15.093750 93.882812 140.898438 27.523438 -3.953125,r
